,VehicleID,Amount (Million Naira)
145,727,4.427881013787097
397,1204,10.356534100505765
3707,2520,0.40809533543684395
4707,1852,-11.471290069063762
3127,4836,-3.7679289370005478
797,1292,19.203459167516126
512,2127,2.665645351071607
2452,2528,10.414967896745772
3858,2823,18.80668936470923
4548,4128,31.961669674993125
7025,4574,16.552786826027667
5219,4627,11.860036800627363
6981,4688,-11.840052224027037
4345,191,24.775525102843986
595,1254,14.6234567047787
5052,4002,8.444659246081173
6374,3739,-0.05574939313902405
6625,4914,17.594000284392074
4008,3379,34.15681922278995
2561,104,-9.991767612171088
1515,1415,30.349524812915504
6571,2009,32.816766977482146
4868,4144,21.249744698208843
6345,3473,16.286637494245177
3254,3591,-3.7994246863170913
112,3953,1.6363169872196206
1227,232,21.038496741899312
3565,27,23.783405371049646
5831,2251,42.09145445515187
3925,1837,23.615463481542584
5702,1302,7.467388361245412
1437,2588,2.406434590439922
1627,3650,30.55406914819818
3849,3917,22.020450625907962
28,4526,12.771197634946478
3169,4584,-0.9157542140489658
4550,686,22.489808975043907
6336,4327,-40.80333479903832
3805,3535,24.883071939571174
2463,4165,21.639247367025057
5643,1967,12.271501872357703
6709,1738,8.564491522969377
877,2008,20.19976227200729
3881,1123,9.79300761392205
5472,4308,13.439647157031928
5480,4116,25.936952175483043
5635,3960,9.588166409091183
3265,2314,14.73234314481741
21,1299,34.98084874409933
7175,510,16.744972459484647
529,2308,20.005970216766176
2761,2168,28.224188255697904
4643,672,8.4299692038797
5999,2576,8.392387924934688
1862,4448,26.180108084843752
1040,2644,6.530528087922754
6872,4146,5.178572038197444
5102,1972,23.493307384796886
1780,4999,25.54460822706455
4074,1094,1.5792022793317333
5088,2420,24.070495801419185
1564,4588,23.92551415224436
267,1366,14.309191531927894
3430,834,5.761244158504676
674,1719,26.12365407270856
6800,3299,34.16919411216529
2455,2415,-3.708715438535096
3320,509,18.027118632148063
6008,447,14.81949587728488
5592,836,-0.7796247057344772
3434,483,-2.840067808133031
2101,3391,-0.22312560462901132
255,1345,1.86941438222658
5771,4263,6.395428258521971
1749,3580,18.7154027374885
6493,933,15.87475996397465
2999,3080,5.736218516401205
671,2280,7.221561783118219
3390,927,25.38106043655273
1210,1865,6.493511843285969
4070,4945,-7.707938442373516
706,262,-1.6018045331993473
2062,4001,26.48205849911959
6751,1963,2.227831061965837
6380,2102,-4.081018512060424
2831,2322,-21.771177843437734
731,3214,24.018882500301196
1122,2324,18.493999644858384
2162,3047,-9.032959687975373
62,3472,1.2009800514062565
5474,3707,24.51867830660187
2779,4373,2.247765048979069
2276,3052,14.345331066067743
2005,1007,27.761568780756072
6871,739,-6.294740709624296
4485,4300,-6.719370884214422
1903,4623,20.951570082853532
3943,2141,13.644915084336503
4732,2139,-3.327050507335544
1571,4838,12.057775122334043
4243,1154,21.457743727881137
7141,3089,5.574880983960316
856,2890,7.774466789639781
3459,3578,-12.538005094267723
430,4558,6.349795853950376
2196,1278,16.075905714274818
6960,4718,10.088249436412571
6515,4160,9.932143061054504
1045,3602,-2.0226454150682347
5980,4456,13.671266072418891
3078,5004,11.072425082563214
6585,162,13.830273172978309
4158,3389,51.42153359421402
383,1092,17.93693662582521
1431,3981,33.90375282285429
4751,4422,29.81782042322842
5155,2899,-16.263280035186472
2061,2735,-1.2046342120189122
6623,963,12.410153474185073
3888,1146,6.052034726883516
2354,2801,9.292300705154549
5842,4073,21.679325409632998
5516,2740,13.906274954009163
5652,1477,12.092785609050356
5948,3039,2.3125357832891957
1618,1128,11.345355234114137
2309,4543,33.42649677517214
6300,41,-7.011063704041973
769,4977,14.047560290473417
6617,4303,15.840785929660527
12,1967,-5.078479917017878
6628,4556,4.293341940436676
167,3915,45.597260117357514
2791,2473,0.21051496627385902
1787,348,18.781318148898773
5502,242,7.017421135750428
6044,4336,5.7913917329325635
6969,4563,22.032563376812234
4662,2125,26.77224965497151
7147,3944,1.8093578811985633
6175,4738,27.920027056609833
92,228,6.5139272972379665
4681,368,28.59600538873825
4455,3720,-8.382309343578548
3370,2884,49.55037736090616
7036,4898,14.116023752736034
1798,3097,-7.386320842055801
1821,2507,11.479446208178913
5807,3121,27.434562329012486
4224,964,4.8544032163378645
3592,3902,9.851286342009136
3864,3995,14.0899071894511
2283,622,4.955211243193437
5423,647,7.161755606184137
1042,1140,10.783320457580487
1535,1766,21.938722645870126
6754,5014,7.78875457854361
3764,2218,-1.5781827364405467
3319,4043,17.75286726076338
1985,4414,14.292165304381676
3804,2705,13.917986095324636
491,3807,22.889567644977504
6144,50,14.896783784758945
6631,4136,2.397357573461088
6195,2877,18.275648348453448
5159,2521,-8.08480070645531
5306,563,-3.458931255095589
2889,4141,15.95922720274061
1127,4801,3.0791612321500654
6284,228,-1.5661127097038712
5372,3742,-13.612559384142337
3786,2597,22.218339173387466
3964,935,-3.1340658983241614
4028,2026,20.304104162545638
588,565,50.493876283421
894,3040,6.542132748019695
5772,2805,18.39882573150146
1332,3259,-10.095776989304824
297,3637,10.869423186646962
3666,4515,7.9804115610894755
507,3277,12.044727690539172
3931,859,23.28815407820445
2743,2136,3.6214166579967415
7153,3352,4.021829956158474
5495,2385,26.27514557939014
6431,4707,3.9721756247496707
3392,480,-3.224133134043198
1844,2422,10.422638870497444
6976,4127,-1.6189660734284432
3318,4964,5.851765581265321
1744,392,10.195109635861094
1616,320,21.22517295240441
3996,1844,10.67442143107742
6765,311,1.8768839699795805
961,3090,34.93661162809979
6370,3978,23.926490561636392
4233,3950,20.070622680902755
2325,3606,24.37388834172971
7105,1052,15.446947978918324
5777,2917,6.40121378304813
6471,2840,10.511182906985013
5624,2803,-5.431877476210675
2193,2747,33.52771442442929
2224,515,28.646126892015957
3462,1305,16.397917031096718
5844,830,8.276015935488175
1955,4390,-5.837309701580315
1646,1464,29.475655170951114
3850,1005,-1.620925568720983
309,1179,24.446541998537647
6087,104,17.60244832898833
6665,1375,0.2653202248491944
3132,444,8.37733302428645
1611,2646,27.566710121139998
7193,1858,6.565026381154306
3114,1756,9.841270031949229
833,2877,34.0745262962341
462,1642,5.024808380600781
2925,4676,3.960317634549366
3156,3424,-8.438571464698903
5978,944,10.08434388466727
6231,226,22.56096458895216
1351,653,-22.289783113728337
173,797,7.155650305929353
938,3542,5.6814067900918275
2212,3186,27.899290322546477
6732,264,12.447847335054188
6361,3694,16.27614183394434
3158,2830,10.586903911626202
3747,1889,35.24276752168591
714,4804,23.892101950930922
4467,57,17.047850990463637
1895,3618,25.348825417796007
2244,4960,-8.746601075753588
6870,4282,29.74490937629008
5099,1477,6.551101429299489
4847,2199,13.92458188936899
47,1909,28.264251960050593
727,871,7.0475030295158625
3956,3391,-1.7779708154373077
6398,4566,4.309267958529762
6878,515,10.39268110020296
5397,1483,-11.804533341640287
1965,3491,12.498943042082551
7151,2762,10.532419575495293
7062,488,3.511475978692726
6228,1380,12.042411908376998
1898,3083,-6.092889015787754
1995,3351,13.912625966963887
5963,4945,19.91670999429686
1023,2015,2.3381244936958137
1674,4875,26.122782867473497
2945,281,36.975164080838006
3542,951,18.7063836837628
848,2015,9.46878002335324
3212,2454,-14.148915844295793
3159,4658,3.1112847262107266
6157,4054,4.376423114215026
1961,2019,14.185231110354604
6328,1365,7.393532075859717
3662,1434,-16.01672721044568
3439,4193,27.268738811382818
3231,1781,-11.418699107180931
1026,2186,49.65834827070608
4249,2250,18.14142618435777
4923,1166,-0.2017126935971163
6261,787,9.67920757002097
236,778,0.47270793491405705
5942,3557,-12.1253523486962
6332,1295,4.691162128937155
4449,4258,24.433446256029157
6257,3979,29.952909608435583
2568,4925,29.645446202935723
5759,2748,4.508011448219596
3670,2905,49.48754376396275
5393,3958,23.952534671027237
1718,502,16.195942141215696
4982,1779,16.294163316036823
2708,4844,-6.232481394564771
3151,2651,9.668687209463098
1796,4188,5.971802008206202
504,4266,-8.262214243125811
3426,93,32.95320022063558
888,3878,13.031379596272966
5446,2616,20.767576545080594
7187,1,25.908325103678955
7096,477,10.044542318785659
74,3531,6.466181864478493
6372,1867,-17.11373014367453
6714,316,2.092721004651242
1317,2211,17.465213490056843
4157,2037,4.225242200265765
3793,3193,18.33880751803102
2855,4874,-24.83953114275709
224,1241,10.350810714169668
2376,1613,22.18646958702089
2782,1559,-10.376781270071401
6923,4237,-0.20445949996318724
5253,2145,-13.912429024091761
6647,4753,-2.200689135956062
6321,2448,21.58492916763951
4148,1023,8.26363439413516
4389,1693,45.97140516526877
6417,3119,-2.288592626224526
3327,2157,4.936419275576302
2243,2613,48.070757568315464
1359,937,-1.9623830096077812
6893,4972,25.87497259421481
5696,2158,-11.726474753086594
2166,2306,0.6715752569500602
1013,4149,2.049632567170603
4743,1757,-7.8596340113175565
4227,552,18.98013927342579
3261,852,2.4475927129419475
3808,3893,7.894598965815348
2016,3699,8.218675415328235
2037,3885,18.464570444825334
2754,551,44.36570739280707
6264,1167,-5.271725205257427
759,831,6.813379098016878
4579,1441,20.324163806054877
5985,804,13.860068307250504
1804,817,8.894857897509318
4528,4100,5.80294266886089
539,4230,30.240271235006496
1890,3229,27.923071315018184
7012,492,-4.025212092725148
3972,1439,16.603697684070333
3350,2437,33.49775327724684
5434,2018,14.671051090521665
378,2506,23.03338604318946
5243,211,8.918142401647952
5995,712,28.5364962372105
2119,2120,2.6667281538919507
5857,1130,30.072534660292654
996,4859,21.986776286123447
4323,4589,6.3025239524895085
5891,2832,-17.6949329441472
1949,886,33.7376714450114
1143,138,6.991031860110464
6305,3369,7.8832678839380534
4192,5005,29.63307131356037
2091,1205,-11.281694528902463
863,4760,-3.0589631222946645
2189,3478,16.518669783550294
3719,3778,20.026796958011758
1669,3271,-14.435239759427702
3432,1079,-3.6620001433529383
535,880,4.637019757747822
6590,2868,19.62359064466361
2871,1025,26.455086203260116
1,4424,5.450770853993955
3606,4071,-0.32831216431947396
3910,995,2.5691290183469615
6382,967,4.326621737826811
5717,2815,30.195913875430946
5366,566,-0.7378594540926766
5949,1928,27.619102866822374
5481,586,-15.86882008835353
3144,4390,-7.71665475067723
581,1977,11.444403813052404
664,4132,2.3675438224189023
1727,1436,-5.380366911395571
5166,3435,-16.031682726513754
6962,4229,-12.001857016127053
2348,703,-25.63384356442532
6773,1728,7.454334739891678
1494,936,13.710546118271811
3010,4684,3.7149589346248746
7202,4892,2.280414868864044
2387,2478,16.776648758758018
6584,3760,5.2382808794335
2411,3330,11.16468176144383
4363,1602,0.5500971910189687
2356,203,-33.20160969989758
2272,1285,10.591774461832188
6438,2487,-5.885783122383544
755,4098,5.46127932354165
4424,2955,-4.064231281815068
3816,2298,20.486109503889864
6549,2749,15.568061720284472
4933,4775,33.78093204580395
4521,2493,26.588708834748985
1193,4270,0.09491799852317584
5217,4216,-16.744428342973716
6822,4465,17.415180352537078
5064,939,25.694041436911725
6518,2579,17.47411264966984
7046,4290,11.758517791948613
6176,4409,10.390559907356213
3139,2600,-1.4252370043043907
3316,1277,18.180729060916054
6913,2793,24.660061417715227
6096,2484,10.57542231607463
1831,4269,6.08040249260508
1893,2151,10.240478843036023
6181,1435,9.391561958628415
638,3108,-2.188207344435842
2519,2323,7.702228460701402
4060,2530,13.584742184748873
1632,2473,-5.998166161690177
2457,182,12.46053159666392
5727,3651,45.66852974780711
1376,4915,-16.378510932290915
2004,4085,9.598474790567646
2139,1668,41.407288689047824
6456,4877,21.87195195340378
105,2303,4.41447278552689
415,2757,-14.147880363028968
2620,1792,4.039060333757366
5326,4902,15.811078572046654
1529,2267,46.33950101911213
3790,2260,29.585330741557478
4016,3552,24.878753232673546
1418,2602,18.199849920857258
6679,1083,14.647479403361586
4682,2551,18.440544632725114
4149,2829,11.184787422235097
531,2150,24.072261813523944
610,125,46.2139529970256
1260,3906,16.062609580894232
3544,548,5.178566714225612
673,183,26.626143050689848
967,133,8.217589674570991
4569,4253,5.339839339252425
4655,803,25.90707333198671
2631,662,8.156530609564129
49,4293,12.144507683660521
3201,3926,32.173618910538515
2319,1575,10.553658011758944
5637,3462,12.503428939481115
2083,3276,-15.555630691716804
3882,2440,2.3868515039564002
676,4428,-9.14622104691355
4095,533,-1.56868361239406
3361,905,32.86092412176603
6915,3873,5.406125720080912
464,4074,11.216283171551641
2912,55,0.7893966143147715
5533,2923,0.6489942851475927
487,3380,30.1389487147285
1242,2085,26.778437099659186
2801,943,17.1144521175513
5496,3925,7.109575598458772
4211,3051,8.54928911170271
2958,1971,11.287075615274759
6812,1576,28.509036822751888
6139,2173,7.540531033165067
3242,3310,5.467834989556
4236,903,6.802265245410698
5563,876,-1.610530081414713
4110,1535,-5.266167975122354
1391,4372,-0.10084658858310824
6533,3007,14.189917956498292
1191,2450,11.700299145762294
2107,1773,23.62536339304286
5302,2039,9.75501722895602
3870,1012,11.922737782284184
2051,2531,13.4221334789084
4900,1371,15.270986778438207
4057,340,10.593475763775391
5946,3560,6.0192830457423305
3588,4864,0.003034444911211409
364,4224,-0.8600672118598975
1404,1246,5.318037574966915
5381,3826,23.035807454451618
3783,398,26.268409245036615
5758,3642,13.684716562427887
5555,827,15.257672390066087
3700,3334,8.478788875022904
1267,4075,6.881394933665524
2735,4869,22.922375208996467
4219,4445,13.400558252936666
3041,2611,-10.107580367974702
4202,1064,-0.6432444215299995
1322,3920,18.45915643072362
484,477,18.99174073221518
7109,3962,-3.6085979022776593
6875,2672,-6.004358033892946
4939,553,6.646490349419345
4641,1165,28.379338431241337
5042,2791,-0.3402054234907652
44,4354,-5.902172736409405
6559,1508,1.9783225305158076
5068,1727,1.94444627085079
1695,1853,20.56367058071091
4825,405,14.337898772700147
5462,3542,9.906973344198207
358,1321,7.8572239501276435
295,2324,10.9608503985202
6525,3541,-14.701084976289916
2362,2421,27.542842611046787
3354,2698,36.271018379569725
7154,1637,9.744340685562236
641,981,-14.305088516278762
1958,3060,7.236248695475162
7010,432,10.851229980990109
6912,2836,8.24261466636008
3616,69,6.451437394990217
2180,318,4.721524728152726
542,4979,9.709644381522459
682,1123,-7.13925446273827
585,2524,5.157487580286274
4253,1675,2.1153318391102225
4036,671,-5.837678853454211
6704,1522,6.499028129317356
3470,4107,-18.261138814365303
1677,4581,8.082242259965017
3806,1351,16.300783785712554
6147,3444,-5.537328404544403
5528,5008,37.668038899097304
3241,723,4.428499758255864
5268,1822,10.515450540812555
229,2222,0.3021602984273777
3887,869,26.509649733052996
5498,2237,12.205601252418703
2141,440,2.6962237383401124
6769,1514,34.44530883135276
4789,2844,23.78082892250943
48,2148,1.720621704333574
2671,3108,5.06715088784623
3340,299,22.25391715592203
3821,3848,33.785138001541114
3153,2744,18.410690212107085
4861,1374,10.130292863659946
2961,2103,6.527128282442302
3150,5013,16.996333169500076
5787,1274,12.428621935530728
4622,174,23.803518405591376
4549,3600,31.883398587484265
679,4080,13.732301037430688
356,3242,8.969571666741576
3296,1030,-6.094376904032281
2270,1547,-13.119375126733795
4393,1218,0.42541593433727165
3188,2562,10.083520726775177
6659,2573,12.803355038840554
5782,1492,22.38926733288447
678,2040,-3.3754257928691587
5040,3528,6.236268830395911
501,4851,-8.594398205213087
6682,3468,9.806380134260195
6027,2738,29.92079511465026
1175,3091,27.85733300430941
5031,3405,30.929754867722487
3174,3702,-17.470439531226496
3047,3483,17.48916827610754
3339,4907,12.582221752934366
122,1018,-3.4197585703131566
3642,4548,31.896701505772548
7022,3282,24.360339941187995
5060,3612,11.792963244356695
2630,4673,29.845557443104433
4460,531,45.600882626239226
7094,898,9.858653726167013
2170,3619,21.729535208903183
2388,723,-1.2948365197214384
1265,628,16.72914812511293
6879,605,50.39022520260884
250,1301,12.150442861187074
2505,2255,15.451238432833637
6249,2870,27.40756489368804
6591,4885,-12.322861654873456
2412,4297,0.9759003685984879
6937,1832,13.50275926842664
6086,930,-18.74727007040373
6720,2599,10.324827692706489
5009,1386,9.623221543591228
7184,1193,24.907559205222192
3540,696,30.786931973162517
5751,489,4.695073402112918
3018,4100,14.068751405183558
6329,3976,18.241378259868362
4881,121,14.234704149797789
5071,916,10.700501422273216
5718,3056,27.925696644995178
1195,211,10.037783451182737
172,836,-2.5047939151721756
946,960,21.415632056662997
5765,718,6.361437354677101
5448,2241,4.4769059893627805
7204,2642,9.097729574530042
589,96,13.066579041776823
1758,4544,11.328905068361557
7099,4870,17.624941841845715
221,2975,20.15730703733057
7016,4212,7.882380349020529
1320,4741,7.168228524113694
2292,598,-5.330342831606097
3838,4078,17.977830339095824
6388,491,17.270963784249258
7199,3805,4.0221888801185575
4504,4564,23.12949983212615
5469,3565,12.487496269410354
1919,4205,24.441644620240325
3654,443,24.56911673546152
5373,1914,8.149944432014422
1396,307,8.5584703797279
4929,2427,9.647517667484593
4382,3613,-5.3243675112450015
3875,230,16.179675222816225
945,4555,18.128125026415713
2576,3119,18.126174325482815
3030,2833,-5.3244780771162254
5552,4903,-15.524085247383807
3506,393,8.730067718764513
5380,2719,23.95381291733083
1588,4706,-8.630640604681641
6589,404,23.020748640714444
3317,208,-7.109756648117928
810,1393,21.925988832534692
1867,1630,43.42202467247325
3288,3456,12.002358946364275
2987,789,3.848940780024545
2581,2054,12.233908811864811
6544,4360,25.64345265595015
2122,1429,11.29422174565589
3620,66,14.57441809211155
4462,1255,-1.609935253958584
5518,2523,27.520826164836002
1335,3795,2.416776511133264
6404,3322,25.09841176531104
4221,3868,29.970079767443877
1523,4301,22.001358232005312
2509,257,13.719321845594528
3974,2402,5.841095703857285
6784,40,8.055376866250413
6499,2617,19.662416860078768
212,3894,7.299247665375198
4168,1437,41.443021182119146
6789,428,16.536005383330895
215,1624,1.6663115981438885
5901,1893,10.392427843881734
5418,4316,-10.408459060877366
5201,496,23.568385103965504
1460,1860,32.12841706310088
6963,997,4.386115762145296
4282,3730,2.4176835052130627
228,2860,16.780040383252405
5984,1426,27.218162871700926
7111,144,9.85819359491245
7155,4041,-7.871785044069788
3619,2934,18.124358761652353
251,1916,37.05252163524488
5345,2950,-9.112522237952959
5207,4340,4.374659516526073
5826,2341,26.05157467611243
3757,4254,47.58411193011255
2998,3493,49.45617351553632
6740,507,22.317553193098043
328,4767,12.989170325986159
2660,1479,12.579794417438407
3634,3538,21.824564203592317
2843,2449,1.8585862662329333
2898,2296,10.717411672982607
1750,947,11.635852052176336
3843,2628,8.151538526949636
1551,2811,7.626741635511777
2861,3976,20.22897482669885
1262,4609,-9.656096063298508
316,4769,13.005594248465226
5791,333,25.21843152943333
2392,196,15.609791790745508
1964,3229,19.382424584467266
3347,3159,12.317493113099168
4580,662,3.8635324359008845
6341,2479,-9.629852088618922
2174,2538,2.051801549699272
6004,4107,20.36865630273288
5715,3550,16.845320003924787
5627,3806,24.503364380999876
572,327,19.607243731337626
4448,2316,17.096995350895853
972,2579,29.656363737011972
4646,1024,15.48171168571065
1131,2541,14.421947044495862
4739,1242,7.470454613851338
4466,2384,8.262506624659903
2017,3291,1.1810728638420258
884,3426,22.06596901393822
4576,2714,12.894416506859613
4087,4961,43.78730237932922
6599,2903,9.004537381204607
5500,48,8.062477261541371
2589,666,23.92570454628361
711,545,-14.380117847304268
6514,430,0.411498605595499
4420,1021,44.52338201016106
553,4722,3.809909975605631
6156,1207,30.931967332497884
4071,55,-11.151710868907784
5044,2953,-8.39031757712111
5665,4466,-2.5082703171778435
4390,4319,27.249248360616647
2254,1048,8.174735611840017
2238,1608,4.445309439670016
2286,1431,18.356851995791715
6576,4805,6.198680016128073
5445,3113,22.377623984021294
1158,3844,14.453196753685951
5546,2389,33.895500660692356
3628,2266,17.67742128073003
5747,6,13.758148061009685
4190,3377,22.033549394143577
3441,3368,-1.776841662198815
1278,1784,19.38186605858909
6759,3658,-1.5439896570085434
815,2195,17.278999657940158
5087,2532,19.882991885427224
1099,4180,3.9849514771592496
2008,3649,21.55661138377278
5293,4006,6.243175399002233
1249,1584,19.571059596508263
2202,379,2.6327992289839024
3769,2608,20.183644346829023
6138,3744,22.016778828671207
4153,4489,15.874963938446893
2374,3909,12.203907152662197
3445,2902,14.3661053561896
3627,1869,12.18583199840845
819,2729,6.039972323259878
4611,1697,5.742722711090391
4309,923,30.488580009157936
5501,4065,-12.661242608116117
6487,3573,0.22107548573661262
5083,5012,-5.219229787851518
193,2357,21.655272411140057
3768,4802,13.729784658480717
1626,722,12.15292112815991
1169,4618,32.02869766979965
1130,3061,13.157758154018712
1800,3778,-9.536277654582744
4512,4987,5.690691070640666
3509,4836,21.784911962113654
892,2262,14.585870208473267
549,3644,13.684407190193504
3903,4912,-3.039483779294269
6901,187,47.95870790800048
1209,771,-1.0998394641325717
4918,1918,0.12510491283329017
4559,3597,-11.62917736095335
5200,1521,6.777100960034126
1690,3093,19.63626761629643
470,252,0.5544371551675198
2812,344,45.925564276629224
6211,2540,-3.5422824738032546
5944,685,17.543008190410813
6909,780,17.432056863027032
5084,4052,25.986851326520366
2962,4861,19.548106932991317
4616,2878,8.183298732699669
7085,3206,26.60503396228711
5370,2560,-9.931876039705635
1180,1874,12.518693401147623
2183,2861,19.43934907559387
3333,3991,2.643867025674311
3074,2467,7.017257999566919
6950,1461,12.125693082436378
5468,2294,22.728391879221835
3192,603,22.03029395907629
3442,3117,28.673055650128155
5283,4704,14.087360973009876
214,3378,10.274758942462029
1557,3672,5.9874854368429595
3658,533,32.36819955015492
726,2406,19.695055630806248
6109,790,12.429432063995321
804,3436,11.218716768069484
6102,3463,13.474546176507125
1621,4211,8.06661576082109
1675,4307,2.098052523159204
6353,1163,-7.92264233408473
790,2393,21.94209461929461
5992,2155,16.260136704269883
3704,4837,-7.640898339483915
3777,1492,28.16762573228324
5090,1110,9.032782323714653
1547,2373,-0.8907609387624369
1436,1615,19.864893697505995
6793,4928,43.686217630401394
1886,3657,15.599231896966856
7107,4163,23.991255752050897
5725,1306,36.75702562223397
474,4721,-8.222312913122298
3420,2861,10.052678152153433
4829,319,18.783375418840418
824,2450,-0.6976940225717492
3830,1910,16.457980160368052
2538,4913,4.787942446314929
5894,2988,14.282370615063108
5141,2062,21.34772122898188
3517,2503,26.26097413159099
3585,3720,47.666714316693
4229,581,31.853906643294728
517,1129,2.356839283703845
284,461,31.79455513384581
3897,3144,7.575231158486886
6084,1785,14.054000195927387
5853,2069,25.51924612448493
2216,3275,-27.095494527316436
6425,441,14.268195464646997
5830,251,5.94101982204589
1509,3290,8.049136317368628
5085,4892,15.58854546799817
6484,674,11.088246064415763
3622,4924,16.85686124412358
205,1745,16.236473017437298
6093,273,6.506966421964332
4733,2736,26.374498982428214
2979,4526,17.67815386615971
6696,437,2.009869376636786
5329,3684,-2.7325755028100636
3656,4276,14.155995258624909
2515,554,28.56723377094056
6601,1658,13.727966363168658
2991,4862,12.21643664036452
1110,2215,17.306338431107275
3227,1406,43.84699681254454
4147,173,-12.171244222615613
895,2038,47.6094342784943
5603,3102,27.91858108360435
7130,171,24.61119135933771
3471,477,-7.199272588418495
4573,2110,18.73913830284088
495,1207,-9.525537659001138
1250,2781,32.68316081896649
907,4546,5.116697591320701
4640,4198,-2.704957926398871
5947,1251,10.836582033620182
4235,4494,-5.460645980491027
2947,855,8.094590806862584
1151,3281,5.787158120719862
3304,3027,16.403532877288708
2727,718,11.319262919824624
5688,3810,23.766744217068684
4431,4728,-3.83912745065682
2226,3283,10.219022388547259
6460,2330,13.3349683135202
6627,2378,22.81822319807121
3176,661,22.526537250941566
476,4527,7.651182504446901
3867,1553,24.140474057190282
6807,2599,17.246938962105602
2288,4404,8.33999879514213
3607,2288,48.12103055640282
6706,610,21.022502021428704
3942,2303,5.350293849277016
2776,2810,2.6024713648574895
1408,4537,11.649878585954227
4964,3799,13.203545156917286
6097,272,23.378954828996072
4561,3496,20.811803687715013
3511,2572,11.39400997721826
3716,2098,33.860523563935715
2210,1839,22.79877406254413
2792,3219,8.060119031689247
6252,1691,30.05737246484621
5824,3591,15.494036759989648
1528,4592,-15.898269505627988
1803,3038,4.617669088672082
6930,4797,13.851323826347546
300,1247,12.083755052951155
7156,3999,-0.14057614666223728
4872,2328,4.797927966926295
3713,1339,14.569064459865722
3717,410,45.61959964641944
6624,3438,4.259673933501771
1696,1019,4.088645324789415
660,641,0.9315562695314217
5877,4898,11.731031867987124
5004,3301,10.28909840094272
1514,2818,14.451959352538633
5086,2645,-7.464200355442449
2317,583,-0.7404891180849376
4774,4206,29.756665521196666
2366,2135,-11.737529475209687
219,2569,45.835900126608706
4798,1438,-9.398392105574208
3621,991,29.548821704382867
2891,2164,44.34657577821076
3172,4920,3.235311444408911
1330,4874,10.996278131547594
272,1841,22.24819688310326
4052,4790,8.4501460472131
4562,2647,11.182507800053063
552,3897,13.940207329587341
5027,1088,-11.241069892918981
2018,4433,4.040382992854905
533,2412,22.22282073677076
2404,4073,10.169680718470605
3543,3889,25.436009101546382
560,4931,5.662695143936398
3531,216,16.790450177939054
6885,1269,4.232001155658914
2874,1245,23.79489839868576
6291,2362,32.234845357953944
2150,3746,-3.6393203087984674
5050,2116,15.719266093735548
1033,4783,-0.9465367513701457
1300,4977,1.7616071047495812
4817,3866,5.909570955331782
3624,3584,30.331472712041773
4727,412,3.6339473859146842
311,4885,6.079215042437717
830,3154,5.890054869852545
1575,258,-5.7983732128419145
6018,2077,15.97308139762616
5657,4502,49.88487704003666
203,1823,15.327684982563405
569,1273,18.64453061771006
6482,3896,45.56019991404712
5736,3477,13.910608395462727
2906,480,21.337922205648038
5738,1678,16.557556550692173
6225,406,26.462932295488876
2764,1264,12.279417099309523
2922,1895,-7.073771800095271
4802,4467,23.107365522403207
2661,4070,8.983964039827871
6629,2994,1.7318057005354532
989,2834,8.42291064174718
6598,2217,20.731444799273476
2949,1215,-4.631886600874037
4418,2793,11.302396105064211
1340,1945,0.4521345935373233
3324,3445,13.80351836860266
4949,1371,-19.342804068244817
2100,4776,7.586021630631809
6339,3709,4.472266456474134
2665,1228,-13.768153227169908
6658,383,23.995268972318677
5678,851,30.37020454772054
4959,4079,7.448496544952484
6910,296,9.688127312948637
2236,3013,14.581740917072384
4280,1652,-1.7210074865441136
698,2201,-6.065622858087078
5108,1112,8.38604268061249
7186,3070,17.066955560260435
6494,4540,17.947973600515397
5874,150,9.8572654782093
4676,1089,0.8293957660615963
4054,3363,11.55907072076613
1865,3207,13.840333664494324
5590,4012,5.135165370066911
997,400,6.535226659856924
4706,1771,13.81418893030769
2486,1517,31.806584073727635
5871,3859,14.936050302823936
3043,3914,-3.6653075764866987
3218,4242,14.088394224104519
3173,729,17.147554946630358
6060,2311,9.313449003890202
1507,332,10.638806614780613
1680,3250,29.83916719519111
1510,4145,16.34506240833533
475,2689,6.088636399775471
1328,4952,29.895782138502895
5156,1754,-2.466080522380504
2021,2178,16.76346940543319
444,1661,18.754368497546647
5642,709,47.405607791131786
479,1361,15.696514323206337
7028,2238,25.30777979878942
1385,4514,-15.481773097503352
1428,219,-23.215650511474294
4586,3784,3.3856558590349337
120,1331,8.032275706175149
1423,1870,36.399098484604586
6001,1968,18.061749721956247
1773,3940,11.879221168256922
4737,2792,-4.238142422204248
5225,3020,21.816362971209735
1081,4938,8.689751132719177
3740,3385,4.205390576451263
3637,2415,14.166452039774548
5967,391,16.772105862101153
1307,1499,-3.1484485059154537
4175,1826,1.7583394020891188
584,3961,0.5692179631699457
3329,2924,-3.5121683204667598
6395,520,3.6172412852579647
3162,976,-11.063799690407329
6046,2971,15.949832106957967
6671,1107,23.50430438187223
256,2937,18.399177055019774
6392,4343,27.88774595080561
3025,1701,-0.35445714385200944
1009,2872,30.674414947373442
5388,2693,-6.141728427745472
5847,3131,34.63787858892147
2341,2552,2.875186102984067
4081,5018,48.4154969188809
694,519,9.207510957480821
321,794,6.889557767232606
3930,1711,-15.313546918311548
2424,298,23.75225194497606
3679,3367,9.56749097136521
6120,619,10.75682184032243
5573,3832,10.35028832659954
1636,188,22.830080876807475
4769,2179,29.365054597158938
2649,3491,14.204563498115604
3421,2417,9.30379479938026
734,433,12.444655768295767
7138,1569,2.067570411866683
299,4191,34.33856922093151
7088,3534,5.506045661809939
2246,3569,10.407587878921465
7167,2038,4.044291191686677
5918,3328,22.96702673321407
991,4770,22.3453890530548
6012,2977,-6.225226775575427
6158,2766,0.600419643041807
26,4111,24.142123622375408
4693,958,22.42726135641159
6506,2394,22.050615477685966
2186,1933,2.6251991749272
691,1002,6.62700596242254
1281,3892,15.807366193024265
1367,1959,10.263881450323112
573,3728,11.181066686646204
4822,3394,-5.849484813457135
467,2240,10.268320026168166
5691,1252,20.35339948220414
3021,1907,5.7181524839336255
5739,4394,33.83986745645405
2478,1755,24.596545642139958
2010,1900,16.762764476479045
1896,127,13.451661864473458
1383,2761,3.427638521237892
1159,3626,30.007513807804308
2691,3444,24.10247507031184
3650,823,10.742842334392137
4284,349,15.5556923193042
2618,2971,0.49827725396947997
5187,244,48.2044032600519
766,1830,21.6076883733908
257,3583,45.679048403776164
5778,2494,28.499948423479438
3802,1095,21.76759900139741
5713,2822,8.23986653003837
1645,1259,4.851247443594184
2824,2682,49.581623956578916
6851,4526,19.917388869565997
527,334,10.860960477526866
1422,5001,4.498920585739581
1594,2863,11.14909559873962
4124,1898,4.4383053654948466
1297,2675,21.412843996529432
6110,1450,22.402061277020273
6167,3443,14.170380184178608
6776,1935,12.669202905385085
1390,3437,25.60962932489882
3287,4178,31.76985464345016
5834,1676,30.148021397692062
5417,631,-1.3956454950411183
2301,2943,-0.48119904736333297
1814,1680,8.530986685938593
3748,1976,3.9406107106368076
5447,1939,-1.2872553729250473
6656,3537,21.82471888970951
6504,3516,-0.5698341925142678
2525,4624,19.8088475079862
1603,3879,25.541258061100017
4379,3347,14.226838298991229
4986,4725,7.490617764592727
2390,1226,-19.36827995602796
3518,4118,21.958926220841455
6314,4974,-7.319673262494839
3589,4045,45.60758341763352
6449,4598,5.6138689998891405
890,4528,19.809953256683812
5851,4409,9.155605411320245
665,4086,18.448442752197664
5182,4839,34.373674700757775
7070,3979,8.405740394948666
2229,4730,13.828826673231529
6441,1493,0.22754101823963602
3372,2437,-10.352650323579688
4337,2347,19.673749616209623
5616,1157,23.651461952391777
7014,868,26.007017959964692
3963,1414,12.516988652550964
6705,1357,32.2303595483456
602,2043,8.158309348727283
3149,1743,35.59319346256247
3928,3491,-1.5910174379424102
3908,1056,15.572068417857263
5708,4412,-14.32898476746183
5689,2704,28.004281526543906
4255,4516,20.712365390454984
2363,2081,30.339885980960716
2503,1059,13.144616356752394
658,3032,11.67483046016585
6632,1809,-1.8073070228825383
1145,667,16.011717220699605
1998,3691,16.214100623202608
366,1202,20.915483109299707
5839,2654,29.99673837507843
5365,485,8.146486901486199
6030,1903,26.25632216578162
3171,3467,5.968290600600206
2593,954,19.919659872968825
4602,3273,17.297572395497426
1452,946,-21.813661826344852
889,2242,18.26183405026007
4180,210,16.563874187155704
1485,888,3.6348661995416442
964,2931,23.9273165876999
5705,1191,23.715390713248524
6867,3582,-1.5346621395588809
2211,4718,26.371148553093022
6194,4365,1.7026267782985816
6984,1644,11.65832443125317
2304,1024,7.156294213073966
4976,218,1.5318477298914228
4319,1271,41.46869907757299
1726,4995,13.0134870797488
4316,4058,14.208058095703453
3556,4813,12.159858104441035
715,4891,22.326672032874583
434,4568,27.141543428594602
639,702,11.259292332770812
6220,185,30.539788737061485
6847,4381,27.173834170611144
2281,961,29.55346228789862
3282,4331,18.05073473405649
3749,844,23.699878707072827
1102,4751,-4.05053596351436
104,515,-3.069097729103582
2052,1248,28.91676729072089
1701,3776,4.189048762360205
2571,3014,-4.845220420650796
1094,3934,44.07278135078118
1933,99,18.56289390389127
5439,851,6.193477881007027
864,1981,16.517429181095427
1880,3766,25.48082374883075
3603,750,13.894209612448634
782,30,16.595141830516333
1310,246,9.799563717189944
1590,616,1.4349128699440783
1934,641,2.3314969954594176
5363,380,0.3521656145087615
3799,2887,16.0598214716042
2688,1267,-5.287661722298985
3824,3449,3.905996289356816
2778,4998,49.223370909162576
1290,2561,4.6498461190103875
846,1673,32.15734336701576
809,2089,25.994744828092855
6555,3038,47.06030804111984
4039,2763,-1.892863762744267
5437,3874,10.110949633453618
4027,3021,-7.25037699551022
4322,2259,28.52757390634885
4547,396,4.487807873248276
437,4225,15.395965761690011
5121,1775,7.961942183569391
1352,3714,13.280828084712834
2245,1294,30.46162395519071
1797,1718,12.428355825362434
930,3506,24.887557836969734
200,4222,1.1970054461225708
2080,4795,4.031423608941703
902,236,4.736637617219378
6895,4801,15.202740433030826
5477,304,-4.090698206038273
5883,1815,44.40056123311072
4590,2945,3.860707240635154
2880,3022,-9.36900094775282
2260,2107,14.004191266191611
150,3112,2.5557561574655487
2830,1802,9.968276455949908
1183,765,5.701565800423111
2686,4432,-1.1114081474938091
262,2731,5.2399126162630445
6768,1870,4.206466418783474
2680,4473,23.207710876624844
2049,917,8.416206473464904
360,4249,-1.6378377797258494
693,378,23.586638065794148
2022,4538,14.113038868463725
5062,2588,16.65634042785105
4902,704,13.522353332239916
1062,4149,7.419771610709073
3935,4315,17.62417554732832
2629,1112,8.637189664034281
1425,3134,10.474876339899922
2971,138,12.784799873135768
862,4450,5.83670714215674
3377,3088,13.610467313966016
4890,1927,8.499076342205953
6371,4645,27.90398036999772
1840,2969,22.666455381945255
2076,71,12.331535633963746
811,1325,32.689766561750304
2637,1724,18.56604142418586
3754,3551,4.230150265942118
2575,4296,-3.999680024972978
3504,2548,-12.666496334750079
4126,966,6.792496472195975
3554,1780,2.3235702409688237
4607,4953,2.8786986110081028
6477,1439,21.41365818448146
7189,3679,15.181735306881649
6497,2546,21.729738833372508
6653,4761,5.725650133126026
1345,3309,15.512279230533824
1309,791,-4.071463241765514
1034,4149,2.049632567170603
3693,1787,2.143015835981398
5752,2964,5.770815365828721
4749,3763,8.208775503827958
5571,2709,4.556520838617997
1687,4282,27.505674372883803
6946,3003,26.566003509029066
2770,1491,24.317492062306286
198,4957,1.6776158322121706
3286,852,5.891373264704889
5317,1419,11.792713235640768
1834,506,10.497366133273545
3283,3146,6.292930299706281
1043,1447,0.644505274231701
3815,4294,26.06936340400906
5553,3607,4.16815372565538
1286,1683,11.259504439072657
2588,85,-3.0001540712541637
6301,335,14.53280752658694
3751,2491,22.875760977561175
4042,1816,18.2343482140888
1269,4798,25.41699842544068
2125,2587,9.336170045919012
1990,3098,9.10388645022741
2377,4081,-0.40271938799630114
438,3231,14.533830867481019
5595,2990,12.576440786795672
2933,3779,15.754413989218953
2401,1775,22.35178828893292
5531,1925,7.418947832842484
354,3822,29.816064990198342
5318,2637,10.818311937192597
163,1442,15.11499937582768
5193,1747,4.733283986576641
5307,1116,6.609371745062669
3484,3437,-1.7875150042850523
6933,2533,8.094557287620237
6142,4665,-11.97685385177245
5958,1561,-13.323094337322855
2816,1473,12.099701480732868
50,3030,15.395491299844188
1086,2189,7.630466210407459
5079,5016,21.85045058311411
687,3383,-10.114958067836614
151,4147,7.187275263052385
4938,3245,-19.722199474200526
528,1892,-2.2329147458216223
5408,3045,8.432748502847616
3761,4611,19.099460281666847
4447,110,22.515958551962367
3525,3985,25.533199216906176
6483,1693,-0.08123431491810607
3823,3508,-16.5753253835195
4035,4601,3.508736281013519
6076,4233,10.30487629710607
4990,3411,6.030287140886953
1342,394,6.401164406902863
6794,4719,29.677311543077245
2173,4214,17.886361292109733
4748,3033,16.194754028423432
2225,4284,15.61721637320985
2564,3809,-0.38812102268735416
5919,3420,11.326173646865783
6894,1506,25.137344882871062
2607,3119,-4.198766802697078
2438,2854,41.77409876126477
5908,2559,27.125402920119143
4588,4273,14.154030689519566
4141,3758,14.45231128372091
2026,1572,18.33504125326766
6813,514,1.9979585456130131
119,1431,8.969736714860545
5444,2516,18.44353001936991
5925,3089,3.2386502497519167
3572,302,2.3901975992763163
2129,2140,23.56859358803345
5905,3074,6.7067295133422
5617,4370,2.088307297776117
1854,2731,8.768644762511133
4914,4883,30.71319647066153
4351,776,20.01257225586994
1420,3968,25.417983224228486
2910,989,22.58541155965593
4813,3025,25.449280039961458
9,2903,1.946250760898085
6595,3922,-13.64040288523687
7132,4877,0.7165744587177336
1948,1027,22.46749350459243
1991,124,4.984339554779023
4609,4927,13.093193824559112
322,2849,8.350158614941314
3433,577,-7.166835825361723
4692,2253,-1.5594613822450558
3954,243,-11.764754056255022
5053,3725,31.13476777095245
655,2992,13.625317181216431
2105,3180,18.08630597682316
427,630,6.230536497854086
4954,571,14.075581774723279
2031,4998,6.393773944996163
1922,1598,29.864331568357898
3401,599,13.684292551723253
2171,52,42.431609226856764
2522,2086,34.356828372319015
4310,3163,19.625439588093002
701,656,-1.8576781356219136
1263,4506,5.355690755899454
4458,4347,49.324071571454475
5261,377,-8.76696965254613
4539,982,34.36765648831266
6906,3183,4.047971909963898
1015,4056,25.786287985128396
5240,2879,24.422678446416313
2712,4367,10.284148357402366
5358,2304,2.206699533556659
2030,2701,-1.8336113794180093
4818,4683,5.573688778851341
4346,2110,6.110768042072685
7149,3470,44.1445557091582
411,3610,9.434091495335672
6675,1533,1.7249963978616787
1600,4651,28.37618195787347
6502,1992,-0.2395254465686758
4176,4750,3.581498799103853
2430,4241,22.20313804382888
1072,42,10.473329742098656
3912,2087,11.523644486411861
2802,0,26.797720199065132
6722,2312,12.218135161926512
2658,10,28.81132837607909
667,3064,0.007055488403265642
2717,3934,2.3861275373059243
1272,3670,-5.001262377336806
7124,2465,15.875640033334832
6239,2335,20.810655473569323
290,1378,8.008352198833869
2633,3622,9.919553442551809
5971,1004,10.641983784675496
5588,1616,13.504086087656564
93,1484,14.515018535319658
2208,111,-11.592303988853061
3795,4082,2.4057106237894477
245,4919,12.0452455468415
2903,2075,21.26066607159188
4966,2678,3.79488219327758
6918,1032,15.05803020853648
1417,3942,5.050182648718421
226,4818,14.072155383106924
6174,4057,-19.806196353798104
6790,4511,6.234986583213171
2966,4656,29.68705676846033
2981,2797,29.726344261845853
133,3852,36.535207809398266
3098,819,14.964829927724793
1606,3148,17.067449180422077
2334,1865,1.31661102909111
3998,3787,18.022843999198653
4463,4046,23.506567568556846
6641,3590,30.01308250802321
1637,3333,24.34615382199746
3362,4106,46.5131987372473
6390,1347,-5.437031582013491
1379,1397,-25.629155747146264
6349,4365,21.95115124540601
3037,4982,29.636629094255788
1552,1217,18.420387320381725
1538,3493,29.61868272428032
2617,3203,19.931660749713707
3779,3221,13.902302666687877
2612,2581,4.29479984764234
1912,1115,10.627242253124116
1025,2208,15.393870010852247
4730,4349,-0.29221608013667044
7038,2779,7.817015963152006
3191,613,29.84009877657246
6082,3161,30.07944285229852
1093,2915,24.184304026306336
933,3984,-11.423798072222617
3054,2006,-7.315021924323972
7188,869,-7.259909546357703
5662,4240,-3.875680608077406
806,3355,19.297110482961486
3741,3439,3.944237656128541
5279,3023,13.620521911583484
2313,446,12.400144669112724
6403,3839,6.185732820492323
43,3770,6.401256779249563
5764,3962,12.355654145837192
1555,522,16.583170868692182
4361,3445,18.07574665127827
6825,2630,28.086160034264104
1302,1282,7.6304509888070555
3993,4798,18.171654511791306
5745,1942,14.2929526909303
6866,2799,5.619739957945953
3066,4440,16.93172932484444
2654,1145,-0.9953180871192435
2948,2216,-9.35879254736331
1125,902,8.721764220161848
6005,1675,3.9821177509045302
1766,1485,5.822997515936054
4033,2123,1.749068583051315
1489,4521,1.8384411014028146
2699,2508,13.723135648984297
1096,933,22.981396316547873
1329,7,20.459366608549125
3773,3161,-0.5356905118987907
5292,3777,17.03428622054264
6748,3045,8.3902718710197
2298,3700,6.209662818238911
1457,4991,16.876929769782677
131,3170,19.295294919131024
88,4742,5.771065801180587
4950,1527,23.663416177872058
1146,4579,25.355063935553773
1450,3333,15.96587647560768
4644,4550,15.747555298084777
1966,469,26.484439185048494
7163,4,10.06980347744145
4605,2874,12.364007283955768
2466,1023,32.28202471148768
190,857,7.928998308504664
1673,1871,30.815067274638956
3301,3986,34.06292474965449
3641,625,1.8908304067758124
4564,2388,13.671266247999327
1593,4571,31.709062999393765
5482,1904,6.557910819763482
4800,4660,29.94337911217984
5212,848,3.761431511068009
1682,1937,-0.7254662851001257
2756,1740,-8.26930521721508
650,2370,-7.699944140424806
3219,130,21.758614790006757
6977,764,6.823766615700366
6698,215,24.051688735517864
6596,2365,15.849420362611614
1239,1750,22.579735407083128
6783,3823,-11.846608141096908
2077,4492,25.101589768760128
2597,3442,11.38019879254221
6413,3210,-4.322842464956997
423,4277,5.7755632261179315
5647,54,11.838121362662903
5996,3050,-17.246309783199422
2396,2733,1.2248201111964967
2527,944,-1.3811126231381214
3160,192,3.802112925589558
2988,4048,-11.81098078241708
2323,2577,9.112357139331003
4378,3363,14.294795056164155
2252,3298,4.9177343728504574
4683,1577,20.830443914276266
1759,2474,16.116224729540487
6389,582,4.130419786007591
5833,2114,-13.686918227340065
2563,4184,35.74202137713677
339,3465,26.01470245072794
4575,4690,6.216468919605136
5926,4355,-4.505295837879046
2993,3717,21.484466782306598
3752,4157,2.3516325331721397
3758,1682,10.194689522175057
4758,2460,15.005069960691785
6242,1406,29.612450784718092
5576,1103,8.45823091332575
717,4032,5.35615161294348
332,528,2.225725674915747
1234,4714,20.60553524726815
1806,113,6.1951722261094435
3155,3100,-6.8840345975346775
2453,3150,12.15893993076773
4767,4533,26.399765484773518
1711,4972,1.4932917281184643
5889,1926,27.774304115435896
1451,2432,11.479003530651337
4965,688,-7.8433136586955845
4823,178,6.824899058036626
4000,3399,20.09172012364122
98,539,14.804489013618873
4666,1403,6.583318092959324
6645,2036,6.147169802473835
2628,3605,6.721291688854619
900,2717,-15.469161152206556
4262,4662,7.188810159431981
3990,2181,16.488920585113974
2445,4286,3.557462407928954
6262,5000,2.1032593491659917
3980,2428,25.765707617145395
5630,418,1.940687634910077
6212,328,18.36752542566817
6347,1044,4.77159659191452
2550,1910,12.25618361274044
1074,639,20.745162399768077
1214,706,28.840661808852715
6508,1748,-22.006804598462164
1832,458,6.481246023063125
6222,79,16.006861908056496
1190,1486,-15.055107973421615
7168,4747,2.029990631594787
2697,3113,45.751750878856335
6771,1056,-7.400875832882786
1472,2578,14.416223658159762
6692,1567,-0.3337292041483
3473,2230,-21.74029346082283
3969,2788,34.48104443794141
5564,1001,8.066668865015199
6320,704,20.572733817307522
3583,3692,-14.949802347745806
6681,4430,-18.696371399031563
6695,108,2.86964643899187
78,2121,11.709502595876003
635,2421,18.163713500234735
561,2302,15.47726105728307
3581,2556,45.60753395369804
738,3574,7.508716128094392
3275,3812,25.983976755109367
254,1726,-13.73557555837817
1999,1239,12.135898032155765
4912,2074,-10.950893195402207
5706,1635,-1.4638653618204875
6115,886,8.44177163408548
3869,1656,4.354609345963858
1754,3417,-3.51799684119435
6837,4922,26.931892666729553
1353,1026,16.833357629748114
510,2570,15.466646913752442
404,1779,12.76376567471501
1261,1186,13.927630695911933
5819,2538,12.41598181933223
1874,3151,3.75380104192935
1453,3486,9.983067386317817
2985,3937,-8.16934994039694
1693,2159,-2.9369477557034998
3794,2372,24.007488999996404
2674,3983,5.251691250075682
3498,632,26.44544611226852
1548,4166,-2.7446163337020675
2973,78,46.22122324453362
2592,2105,-2.858162970327151
5797,3924,14.208016144419524
1403,2443,18.68762782581599
3367,1892,16.973893454593444
14,2735,30.23872126031725
1788,1379,8.600437890095911
1004,1343,18.645746725823592
2709,3061,-5.632235913487506
3994,3718,14.68838436768873
4436,1795,-3.6815537772266795
6426,268,-1.8217591341158847
1133,1288,1.448341550538732
6062,4406,13.406591011507146
5109,1097,8.458794707418363
1569,3473,25.371254904788827
2875,1725,-8.233655897166958
551,773,-3.3818604716011524
5339,2409,12.4784129602779
4740,372,22.53838041584215
1140,3053,-6.876764350026661
118,299,4.6540320293313755
2373,3737,6.203939431902812
4484,118,14.479289419136322
3697,4443,2.023681093497107
2133,2531,1.1865943302976305
5767,3504,19.820965620604717
5421,3820,21.94207305718058
4411,97,9.491405742783318
1722,1762,18.340164900541648
3678,528,0.7162300808830224
605,1876,23.540242634130834
5076,4231,5.165423718236138
2669,4447,27.490997710112758
876,2770,-7.152878893633691
3344,2053,22.238353813305594
6538,3959,6.18794037741694
978,3502,12.426809759745446
4150,1740,5.550746836161052
3595,1744,19.5429453796559
1583,3859,20.08469911756721
4189,1121,28.47952674249278
4267,272,5.334191997278111
5604,2133,10.243263193145477
5560,3373,19.838332969177557
391,2203,18.49437540150788
243,1174,27.089212245727992
2632,3071,18.133599259108024
7076,2130,26.538670504494476
3609,2945,6.006560121946437
3608,4736,44.95042750344747
1812,1769,47.163726663396474
2827,1703,-23.929626357230152
2315,1055,26.387495993160314
3217,3668,14.025964452657153
287,4170,8.376195346565023
1785,408,12.975840341385044
6475,743,-8.68824268767176
1568,1750,13.605401509865281
5639,4464,-7.4648633079474
2553,4879,17.599414298493787
3880,1560,45.99197841885529
274,4487,16.924459077336422
3360,4570,25.43436995412044
508,4353,12.79795833322067
2929,3226,9.01196584927349
5538,2237,4.194304976827393
4996,352,2.9826898409150733
6691,2152,21.943148412468318
6293,747,-4.683681199667246
1148,1194,27.74136823151187
971,4986,26.120576925393095
939,4328,10.200667493634679
767,2422,2.0560010207407196
4129,138,10.209020895123906
3264,1570,28.63415264109404
307,3031,0.30491536125459895
296,2380,1.8434362363245071
2078,2593,-3.64794447413891
6272,1422,15.924937670955739
4340,4900,24.334137768791983
4341,2522,25.9994411206035
4334,4659,7.101837508792929
1591,496,11.769750098864105
2651,837,4.410865540895994
1243,4038,19.99287569475562
6265,2601,-5.885520433703436
5809,1718,8.700498701622884
1251,2945,27.942866804003472
5441,1669,11.839005909329114
6762,3076,-3.465248875231927
2025,4483,47.15209174086527
3699,2954,11.544423499185658
1987,2819,-8.995182590918514
1270,2168,-11.127419804819151
5047,4477,15.813870545269147
2959,4490,25.535073484583762
6051,1006,-7.233196169637029
2746,716,18.155043963275514
5043,845,-9.759503565494226
162,1288,20.092074675047158
5746,2873,20.51793072378542
1369,4219,-0.12999872939111512
1684,1986,25.78659753294321
5082,1469,2.6074834587976863
2915,2017,6.745773358345808
386,325,12.46136186895249
4899,278,8.515050902350499
847,3341,6.265195134310787
1689,790,10.332669538710196
2541,2684,24.28417112721189
5785,1667,26.285345980974952
1828,231,6.746268958777462
3600,2669,22.367147130335816
3961,3941,-4.101838825808379
4698,4295,-0.29540310447011286
6668,2646,-2.5094934355704455
1617,1308,22.72096703338684
3073,2739,22.812304093724013
82,3269,28.371340927985074
194,1077,17.939256917583087
2599,1250,1.8841095633598073
6221,2788,1.9010900377911018
5355,4044,-0.8739119932077699
6998,817,-15.015312172155864
866,1085,22.204009249063944
5884,1688,25.39285716324494
1466,4857,25.822329762643875
1314,4488,-0.4323837657359437
6778,3863,31.236227581075596
3561,5003,13.490842016763025
4051,4720,-10.632938366623783
5806,732,12.311787529696524
1676,4325,-5.064667180122574
2809,2632,-5.6782798744329455
2149,4323,-9.691013323500302
3028,2185,20.281937697369052
6936,4849,28.75495844377997
3915,719,6.670782133587835
291,1340,11.872000735845255
4747,2226,21.125268485285705
4911,4106,8.102384047907144
402,2525,3.1659478624619624
4814,2321,10.446987923004485
770,4667,4.873900605920081
6283,4710,-2.513928347689138
4220,109,-7.254388079902097
7030,1318,12.282379540077052
2540,3783,-5.350664151167617
800,2858,18.390627367290293
4085,3024,12.34080436637699
5510,288,-1.8299063374667472
7174,3916,-5.4920031420350055
3539,2848,22.185810085186056
6858,4118,18.198151487085475
6126,2034,26.626380734249807
5449,937,23.53060102179485
394,2184,3.4090736813215
1810,1331,0.0955277967862127
5115,3604,11.474310018521905
4859,1188,12.238354127477749
2543,2206,-3.9833768427328105
4169,4085,-2.732086758209527
6528,4398,17.603386585815077
3724,2406,10.418371324460118
2807,3621,23.27031535963104
6440,2831,-7.675443690898331
3503,3736,-7.815434626956962
1203,4950,6.01387654429217
6597,1934,-2.0794662053575177
459,3815,12.44882474011239
6412,4788,27.657780290018877
6297,123,24.035487362788558
4088,4337,17.90733413923218
3612,341,18.053105899836297
732,3448,17.33969041383012
4184,28,-10.875549003747238
4821,4182,12.232109577716813
3292,3927,11.13774855985405
4160,3908,23.710809997162492
2213,4251,-17.484930474516837
3080,1220,9.834223810935164
6368,3763,21.239492020017664
2480,1612,-1.432352477904999
4151,2055,14.2279321075222
2787,1582,25.818658228777764
3179,4131,13.152189366009587
5920,4810,9.456683209478108
6642,1449,4.549003357065654
909,422,-8.773930527819765
2849,1554,8.164023186641273
5360,2505,-3.4073555978263297
1060,4167,4.126137863081269
4456,2634,18.434002812211943
6824,4845,20.324929683293277
746,2518,9.703872965868122
4843,475,26.56429893601284
1531,3259,-24.676306605219484
633,2425,20.01200730935193
2074,1751,3.540187377899816
4403,727,-6.452829833604157
1069,2013,23.588238724916813
4075,1773,8.51660087703975
2249,877,44.08877112592519
4729,4196,-12.179588414528464
2148,3880,14.217250961032885
1853,3569,32.11857094955136
393,882,12.35225131462962
4048,1600,30.574235360716166
1781,145,22.28646457264024
204,2173,31.784244961944715
3170,1745,9.416446076972218
4130,2426,32.52818290139273
2394,4153,7.579098223626467
1116,1669,0.3827879792720701
5565,4547,11.031076655509693
4993,3491,8.269191391234852
1341,456,5.749363810635396
3789,1984,25.53239444444624
5983,982,20.21108400816258
5910,1139,7.333924034999882
5385,4586,9.6334410552397
6618,982,49.294322548598586
5890,1396,16.153463501998097
5277,284,-3.287877696763621
3553,4398,6.172123643486991
5499,4890,23.272310387265208
2241,3486,3.9140170215735175
4506,47,3.029869106658591
656,4045,-15.786624298447547
5868,330,-6.834116654146934
4766,3570,-3.5416638171247046
1982,4690,0.9105231488574361
1671,4639,3.7586143154983134
6521,3704,12.14610418434836
5073,3048,3.0225417540773094
6124,993,28.405944443398333
3810,1821,14.30294395643984
6131,208,12.319514787277775
3617,1670,-7.048138575096409
6151,3286,-17.702210814768257
1993,831,-1.5940101843295995
5341,1677,-7.336990554272765
4687,4655,23.8217680602975
5606,3828,-23.676449072295217
5897,2124,4.371729865456237
3726,158,7.030414769594543
2001,4910,2.8319798399905594
1233,3368,14.039509164846837
1380,2738,12.019347928316844
3841,3946,3.9328193874941704
4111,2604,27.44534696275941
5352,1854,10.503758061150023
4061,826,8.893465722454593
4355,775,16.386518551113397
347,3364,3.9753653596988414
6672,825,30.991057429265176
3328,2323,2.9106092238210017
4234,4119,5.9120436152444515
2160,3834,-5.2465131605341995
5953,4361,25.164705543881198
4968,2771,-10.899151932140942
5733,1597,25.123268446206602
851,2369,25.063435952216878
2606,4804,14.240095568025154
3309,1800,8.78527807613764
4574,4108,14.899677799369734
1661,2052,7.511342678569324
4534,2623,1.8316708818415517
6122,4137,19.884179647058634
7004,4532,10.701802870957177
3463,1545,12.336779413812668
1539,4711,24.132996352507085
3632,4239,31.697469163717415
2516,1069,14.642902485089888
1930,3125,18.582131893891145
349,1372,19.902482423983617
873,2521,-4.531137120309902
3429,1998,2.685599860189358
1105,3796,17.279621182790134
7171,1813,-8.05403004613623
314,3639,27.859650006969524
2274,2665,11.915315629040176
6103,860,-2.2757006620937013
1149,4226,11.857931325787057
3807,2138,33.93432687610751
5146,189,8.504682598483367
4903,1753,-11.99625317986719
227,3222,15.486557302624234
3055,4637,21.81569449943483
5298,2418,15.04652514464502
5247,3993,47.38204023011687
901,3629,7.909612728759338
340,1314,19.34744229302146
2361,2496,26.714861105493334
1946,4462,-4.251618381706605
733,3241,17.302522351247564
3460,2080,11.757533009123282
1960,1151,7.2690946271779
6890,1536,21.551892620920412
4330,4221,3.8157312998561324
6025,253,12.999816689549782
2494,3599,6.455663208509447
3373,2973,-0.6665548792528853
30,3548,-3.3141807573260715
6731,4386,27.744099477427206
5697,4963,22.31553463243677
33,1749,-3.877679824481689
2140,2011,19.153032527611497
936,4560,23.78737288540458
918,3198,5.485159834681488
829,3855,-4.136017167730868
2228,1362,-13.498918885957075
713,3391,17.418859222677856
97,2722,5.238899711692486
3895,847,14.501513609360671
6271,3028,13.868022479471666
5184,4483,11.058449446274977
6114,4005,27.29781980141489
5391,2395,31.749904643928126
3312,1246,20.657565053846366
3485,4472,13.80578606488298
4001,4518,1.6085280673202398
1904,2100,15.266039328541424
1945,397,18.764567377787067
6711,4499,11.726188393455512
7021,64,4.530437909485299
2733,4800,28.36732220245542
6095,420,17.99340434857715
2192,3988,11.734801264292557
2821,4899,19.82925845234248
5117,4469,-5.45677882756123
1513,314,2.642853826601373
6766,2122,7.138935653151158
1815,4358,17.8411361041871
18,4351,22.410202536158188
2718,287,10.592948373315892
374,1881,-9.31326982531779
4383,1649,-8.221899752260377
1767,2912,-13.420035299038847
1849,1008,6.62364921826247
5673,2193,20.18080794485011
5143,4459,3.551471600642401
2159,1017,18.195568436882013
359,4746,8.61232462657221
1166,334,-0.4775044392415815
3035,2929,12.348017439046266
5254,1557,14.806963903703725
4281,3851,10.256876309558347
624,2883,13.313116101848713
1623,4202,-6.153942798315233
2127,1174,-1.16217796936089
2220,1500,11.583603501326682
3253,2204,4.26984135374272
1558,4140,2.0510247422253283
2815,4649,14.328674429346506
2419,3071,50.00876923761372
7135,4951,20.30853295487094
3011,3751,10.435678264596998
6101,2275,1.450273941519157
7047,1389,9.643527376227283
2233,576,14.725905264777861
4999,2696,-0.261843539845664
3468,3247,11.249641487124112
4459,3371,22.727569510283743
5435,1772,5.705742237797075
5487,575,10.4138324286824
7134,820,31.91440029741036
5241,1628,14.403230112105863
4975,1715,16.304063227537103
582,1413,45.464449470876005
6150,1976,-8.11253675519595
238,1423,11.442559630274232
980,690,8.364235227186207
3669,2699,26.19614164308095
703,91,12.065203696217885
73,4059,13.460267094172721
875,4876,3.786088313558084
3449,2976,25.44813390503318
4416,3555,9.040653455303037
593,4584,9.757001279260436
3157,297,31.85827001002975
3276,4254,-14.78892985245587
5281,4884,-0.6868776974875246
2040,2445,20.625744629505746
6033,1663,27.390618010218965
4742,2587,11.855705764926427
6587,1349,4.634903703832837
1348,321,10.677202667669537
2749,3501,21.09469541083185
2713,1509,26.292313508226258
6113,2056,21.15156512520832
1770,4666,16.05991722083888
1080,395,18.31716221627927
2502,484,26.1834308577034
4953,1134,0.8049620115229583
4388,331,-1.1917229299543184
1109,2502,11.614341624156374
3833,4799,11.697255437562966
2528,900,-5.41036351945665
7059,3903,20.237838285796936
1415,493,8.182672563369557
5412,1241,32.40824849532601
3625,2140,-5.3772259552884325
1521,1534,5.975363253579815
1218,4130,7.599309264155142
192,4171,-3.865007265991169
7104,4967,18.297200066023745
7064,3865,15.696502620087124
2128,4638,23.656970258439657
3183,3225,8.042537655152838
2099,3598,20.793105623150517
6376,3095,12.327393024599449
5763,3138,-8.54218536058796
3527,816,-6.008819280825404
1734,3666,14.026273824891536
4077,518,-3.2707861869178787
7165,1082,-1.3078922039654035
2251,4967,9.71150061492876
647,2553,22.041064636860547
488,3835,15.016456514773388
843,1084,22.958038712851902
677,2710,0.6819424281094584
5154,1916,8.894713948022495
911,3074,5.388079677528964
2643,1232,4.0185583187370035
5760,3868,3.9420119196874754
1090,1150,12.077989715331125
5033,2109,6.3829080681862465
313,2614,16.44028275990062
5729,289,-2.591441457550278
1078,2090,35.63820111439647
5937,2801,-0.24186002108127624
2634,4767,6.8672899051730205
1167,2079,-6.2387818912593564
4183,1014,8.401201920097293
53,2515,-9.725438472831165
975,4116,-15.685567030157962
4053,4481,26.88093886744639
4783,3695,10.444340687159741
242,2208,25.982634307360776
812,3065,7.427506004358882
5912,1707,22.037362749122615
749,2498,6.393166903646604
3452,4621,14.375482272455795
4614,689,15.915867814671127
3016,737,0.11455098789326712
3674,1664,10.427850964718672
6462,2124,9.469495698556173
6982,3910,26.263329215892966
3053,4785,16.08611793594638
7098,4937,-8.001212653704382
2275,1366,11.643898931577855
4850,4774,16.31819657566965
6476,2104,9.667048787826609
1928,3446,8.033731037757363
3836,3525,8.518444523981689
6229,3929,11.71979237690967
2832,2758,25.4160318278414
6143,4411,-20.63028568703668
2152,3000,9.261518167833373
2969,4075,36.3882849522121
3975,4332,11.681589239978557
5075,4976,18.065430798534862
70,3814,-18.60108475084138
99,3323,-1.8120605225215964
5848,3068,11.37189740544665
5275,1555,25.602119226823206
5415,4868,23.691824186533523
3552,1205,14.078339889857698
3827,677,14.943087686832559
1077,478,29.750982176797905
3013,3676,3.6518209394159875
2168,1342,-18.601109261509908
3501,3767,17.178305559835717
4869,2855,29.98978183382006
4761,2021,22.756432713171666
3106,4415,6.604721688599888
362,4997,24.09505325020396
240,897,26.274941429337467
2490,273,19.77048865804512
681,4419,16.302678412224765
1089,2486,0.25640942152632107
4597,2756,-3.966017124937018
2818,1297,19.61209007404066
6850,3041,13.735994636417793
3966,4496,14.281909670228863
1229,4181,27.75167476315434
3898,3639,22.28753333170771
3138,1644,11.368090471107447
1298,4555,-9.656468767640817
5659,1501,-6.127702731014976
213,3520,36.999332375518115
3682,3010,22.955424240124763
329,3369,19.970893202978456
4956,347,10.034643045284618
6676,915,11.646595073485052
1562,4597,14.85689741103079
6134,4525,10.330139685934046
3311,2061,10.161018471488298
1449,3864,30.064080634007638
6078,2398,16.93518976984183
968,1313,28.28988165060578
1570,4271,12.075050415733827
4247,3628,21.32956273467984
305,3733,18.488082734638496
5135,2129,25.81195876618576
1289,4046,26.018211938734467
4782,1232,6.4065278103533
3058,3236,27.6495791454265
1165,3436,-7.698597056751408
5029,3872,6.41343389851607
144,3376,24.11299372628089
5061,697,27.74033338824428
990,3963,-15.54356294440366
7127,2476,3.776206204991265
5038,3594,2.7639493006608546
2057,4103,27.388849952725245
6189,4341,2.8054711435570425
268,2233,-7.400469675159403
5701,4635,14.923140116530856
702,2348,-5.1286895729973025
4736,4572,28.388402161131623
451,1161,3.3144344572183435
6188,513,14.25076093699543
5145,4561,48.09390530248271
6079,4499,8.165358256622739
6302,4808,-2.459899498332665
3970,1263,18.525311741601108
6331,988,2.3786500262278985
923,2001,6.470045903890956
6047,3918,9.38644817124058
5596,3786,15.966235399567765
408,4208,29.756356148962283
2931,259,6.422047032723764
2932,3118,25.532357867187102
1215,2928,17.787923284318175
395,260,21.53189850881641
1719,506,25.15958544907562
4516,4591,-5.938833346183873
6988,3077,30.185818608237632
6227,3282,12.068089628250412
6204,1078,7.344989226889517
